Workbook
Name Dataset: Data!$A$1:$C$68
Name SummaryValues: Summary!$A$1:$C$9
Name DecadeMeans: Summary!$A$1:$B$9

Sheet Data
A1: year | B1: CO2 (ppm) | C1: Change
A2: 1959 | B2: 315.98
A3: 1960 | B3: 316.91 | C3: =B3-B2
A4: 1961 | B4: 317.64 | C4: =B4-B3
A5: 1962 | B5: 318.45 | C5: =B5-B4
A6: 1963 | B6: 318.99 | C6: =B6-B5
A7: 1964 | B7: 319.62 | C7: =B7-B6
A8: 1965 | B8: 320.04 | C8: =B8-B7
A9: 1966 | B9: 321.37 | C9: =B9-B8
A10: 1967 | B10: 322.18 | C10: =B10-B9
A11: 1968 | B11: 323.05 | C11: =B11-B10
A12: 1969 | B12: 324.62 | C12: =B12-B11
A13: 1970 | B13: 325.68 | C13: =B13-B12
A14: 1971 | B14: 326.32 | C14: =B14-B13
... A68: 2025 | B68: 427.35 | C68: =B68-B67

Sheet Summary
A1: Decade | B1: Mean CO2 (ppm) | C1: Change vs previous decade
A2: 1950s | B2: =AVERAGEIFS(Data!$B$2:$B$68,Data!$A$2:$A$68,">=1950",Data!$A$2:$A$68,"<1960")
A3: 1960s | B3: =AVERAGEIFS(Data!$B$2:$B$68,Data!$A$2:$A$68,">=1960",Data!$A$2:$A$68,"<1970") | C3: =B3-B2
A4: 1970s | B4: =AVERAGEIFS(Data!$B$2:$B$68,Data!$A$2:$A$68,">=1970",Data!$A$2:$A$68,"<1980") | C4: =B4-B3
A5: 1980s | B5: =AVERAGEIFS(Data!$B$2:$B$68,Data!$A$2:$A$68,">=1980",Data!$A$2:$A$68,"<1990") | C5: =B5-B4
A6: 1990s | B6: =AVERAGEIFS(Data!$B$2:$B$68,Data!$A$2:$A$68,">=1990",Data!$A$2:$A$68,"<2000") | C6: =B6-B5
A7: 2000s | B7: =AVERAGEIFS(Data!$B$2:$B$68,Data!$A$2:$A$68,">=2000",Data!$A$2:$A$68,"<2010") | C7: =B7-B6
A8: 2010s | B8: =AVERAGEIFS(Data!$B$2:$B$68,Data!$A$2:$A$68,">=2010",Data!$A$2:$A$68,"<2020") | C8: =B8-B7
A9: 2020s | B9: =AVERAGEIFS(Data!$B$2:$B$68,Data!$A$2:$A$68,">=2020",Data!$A$2:$A$68,"<2030") | C9: =B9-B8
